Symbol,EntryDate,EntryPrice,Quantity,Capital,ExitDate,ExitPrice,PnL,PnL%,DaysHeld,ExitReason,TrackType
FORTIS,2026-06-24,972.1,10,9721.0,2026-07-02,949.05,-230.5,-2.37,8,Both lines flipped bearish — trend reversal,Paper
BANKINDIA,2026-06-24,144.51,69,9971.19,2026-07-07,139.8,-324.99,-3.26,13,Both lines flipped bearish — trend reversal,Paper
PIIND,2026-06-24,2767.0,3,8301.0,2026-07-08,2676.5,-271.5,-3.27,14,Both lines flipped bearish — trend reversal,Paper
TRENT,2026-07-03,3317.8,3,9953.4,2026-07-08,2927.8,-1170.0,-11.75,5,Stop loss hit (2986.02),Paper
LICHSGFIN,2026-06-25,550.55,18,9909.9,2026-07-09,530.6,-359.1,-3.62,14,Both lines flipped bearish — trend reversal,Paper
IOC,2026-07-03,141.62,70,9913.4,2026-07-09,137.63,-279.3,-2.82,6,Both lines flipped bearish — trend reversal,Paper
PETRONET,2026-07-03,275.2,36,9907.2,2026-07-09,271.6,-129.6,-1.31,6,Both lines flipped bearish — trend reversal,Paper
BPCL,2026-07-03,310.45,32,9934.4,2026-07-10,308.2,-72.0,-0.72,7,Both lines flipped bearish — trend reversal,Paper
ITC,2026-06-26,290.0,34,9860.0,2026-07-13,281.75,-280.5,-2.84,17,Both lines flipped bearish — trend reversal,Paper
JIOFIN,2026-07-03,239.73,41,9828.93,2026-07-13,241.96,91.43,0.93,10,Both lines flipped bearish — trend reversal,Paper
PFC,2026-06-25,437.1,22,9616.2,2026-07-14,405.1,-704.0,-7.32,19,Both lines flipped bearish — trend reversal,Paper
RELIANCE,2026-07-03,1303.5,7,9124.5,2026-07-14,1296.9,-46.2,-0.51,11,Both lines flipped bearish — trend reversal,Paper
INOXWIND,2026-07-03,89.96,111,9985.56,2026-07-14,81.09,-984.57,-9.86,11,Both lines flipped bearish — trend reversal,Paper
IREDA,2026-07-03,128.58,77,9900.66,2026-07-14,124.81,-290.29,-2.93,11,Both lines flipped bearish — trend reversal,Paper
BDL,2026-07-03,1384.9,7,9694.3,2026-07-15,1277.8,-749.7,-7.73,12,Both lines flipped bearish — trend reversal,Paper
IEX,2026-07-03,123.5,80,9880.0,2026-07-15,117.07,-514.4,-5.21,12,Both lines flipped bearish — trend reversal,Paper
POWERGRID,2026-06-25,290.9,34,9890.6,2026-07-16,280.7,-346.8,-3.51,21,Both lines flipped bearish — trend reversal,Paper
MFSL,2026-06-26,1611.4,6,9668.4,2026-07-16,1611.6,1.2,0.01,20,Both lines flipped bearish — trend reversal,Paper
HDFCLIFE,2026-07-03,571.35,17,9712.95,2026-07-16,568.75,-44.2,-0.46,13,Both lines flipped bearish — trend reversal,Paper
SIEMENS,2026-07-03,3580.4,2,7160.8,2026-07-16,3510.3,-140.2,-1.96,13,Both lines flipped bearish — trend reversal,Paper
DMART,2026-07-06,3994.4,2,7988.8,2026-07-16,3929.3,-130.2,-1.63,10,Both lines flipped bearish — trend reversal,Paper
KOTAKBANK,2026-06-24,401.65,24,9639.6,2026-07-17,377.15,-588.0,-6.1,23,Both lines flipped bearish — trend reversal,Paper
MOTHERSON,2026-06-26,151.71,65,9861.15,2026-07-17,143.65,-523.9,-5.31,21,Both lines flipped bearish — trend reversal,Paper
LT,2026-07-03,4059.4,2,8118.8,2026-07-17,3775.6,-567.6,-6.99,14,Both lines flipped bearish — trend reversal,Paper
HINDPETRO,2026-07-03,399.55,25,9988.75,2026-07-17,399.4,-3.75,-0.04,14,Both lines flipped bearish — trend reversal,Paper
TIINDIA,2026-07-03,3090.6,3,9271.8,2026-07-17,2939.7,-452.7,-4.88,14,Both lines flipped bearish — trend reversal,Paper
ICICIGI,2026-07-06,1772.8,5,8864.0,2026-07-17,1623.8,-745.0,-8.4,11,Both lines flipped bearish — trend reversal,Paper
JSWENERGY,2026-06-30,586.25,17,9966.25,2026-07-22,566.2,-340.85,-3.42,22,Both lines flipped bearish — trend reversal,Paper
FORCEMOT,2026-07-03,19367.0,1,19367.0,2026-07-23,17418.0,-1949.0,-10.06,20,Stop loss hit (17430.3),Paper
MCX,2026-06-30,2914.5,3,8743.5,2026-07-24,2752.6,-485.7,-5.55,24,Both lines flipped bearish — trend reversal,Paper
BEL,2026-06-30,411.6,24,9878.4,2026-07-24,405.35,-150.0,-1.52,24,Both lines flipped bearish — trend reversal,Paper
MAZDOCK,2026-07-03,2555.0,3,7665.0,2026-07-24,2298.9,-768.3,-10.02,21,Stop loss hit (2299.5),Paper
NAM-INDIA,2026-07-03,1213.2,8,9705.6,2026-07-24,1105.8,-859.2,-8.85,21,Both lines flipped bearish — trend reversal,Paper
HINDUNILVR,2026-06-24,2160.1,4,8640.4,2026-07-27,2145.0,-60.4,-0.7,33,Both lines flipped bearish — trend reversal,Paper
RECLTD,2026-06-24,361.9,27,9771.3,2026-07-27,361.6,-8.1,-0.08,33,Both lines flipped bearish — trend reversal,Paper
BAJAJHLDNG,2026-06-30,10592.0,1,10592.0,2026-07-27,10679.0,87.0,0.82,27,Both lines flipped bearish — trend reversal,Paper
ASHOKLEY,2026-07-03,164.73,60,9883.8,2026-07-27,151.07,-819.6,-8.29,24,Both lines flipped bearish — trend reversal,Paper
COCHINSHIP,2026-07-03,1519.3,6,9115.8,2026-07-27,1392.4,-761.4,-8.35,24,Both lines flipped bearish — trend reversal,Paper
360ONE,2026-07-03,1070.0,9,9630.0,2026-07-27,1102.3,290.7,3.02,24,Both lines flipped bearish — trend reversal,Paper
HDFCAMC,2026-07-06,2800.2,3,8400.6,2026-07-27,2505.7,-883.5,-10.52,21,Stop loss hit (2520.18),Paper
ADANIPORTS,2026-07-22,1844.0,5,9220.0,2026-07-27,1768.3,-378.5,-4.11,5,Both lines flipped bearish — trend reversal,Paper
AUBANK,2026-06-25,1067.2,9,9604.8,2026-07-28,1052.2,-135.0,-1.41,33,Both lines flipped bearish — trend reversal,Paper
MAXHEALTH,2026-06-24,1078.05,9,9702.45,2026-07-29,1114.6,328.95,3.39,35,Both lines flipped bearish — trend reversal,Paper
CHOLAFIN,2026-06-25,1792.9,5,8964.5,2026-07-29,1753.0,-199.5,-2.23,34,Both lines flipped bearish — trend reversal,Paper
HDFCBANK,2026-07-01,797.95,12,9575.4,2026-07-29,735.4,-750.6,-7.84,28,Both lines flipped bearish — trend reversal,Paper
MOTILALOFS,2026-07-01,951.3,10,9513.0,2026-07-29,856.15,-951.5,-10.0,28,Stop loss hit (856.17),Paper
DABUR,2026-07-02,444.75,22,9784.5,2026-07-29,424.6,-443.3,-4.53,27,Both lines flipped bearish — trend reversal,Paper
SHRIRAMFIN,2026-07-03,1066.7,9,9600.3,2026-07-29,1040.9,-232.2,-2.42,26,Both lines flipped bearish — trend reversal,Paper
LTF,2026-07-03,315.25,31,9772.75,2026-07-29,311.0,-131.75,-1.35,26,Both lines flipped bearish — trend reversal,Paper
OBEROIRLTY,2026-07-03,1864.7,5,9323.5,2026-07-29,1829.5,-176.0,-1.89,26,Both lines flipped bearish — trend reversal,Paper
JUBLFOOD,2026-07-06,429.6,23,9880.8,2026-07-29,432.2,59.8,0.61,23,Both lines flipped bearish — trend reversal,Paper
MARUTI,2026-06-24,13451.0,1,13451.0,2026-07-30,13948.0,497.0,3.69,36,Both lines flipped bearish — trend reversal,Paper
DELHIVERY,2026-07-03,509.3,19,9676.7,2026-08-03,481.95,-519.65,-5.37,31,Both lines flipped bearish — trend reversal,Paper
DLF,2026-07-03,658.2,15,9873.0,2026-08-03,659.3,16.5,0.17,31,Both lines flipped bearish — trend reversal,Paper
PRESTIGE,2026-07-03,1674.1,5,8370.5,2026-08-03,1616.2,-289.5,-3.46,31,Both lines flipped bearish — trend reversal,Paper
PNBHOUSING,2026-07-03,1055.6,9,9500.4,2026-08-05,1080.0,219.6,2.31,33,Both lines flipped bearish — trend reversal,Paper
PHOENIXLTD,2026-06-25,1912.3,5,9561.5,2026-08-06,1932.3,100.0,1.05,42,Both lines flipped bearish — trend reversal,Paper
BLUESTARCO,2026-06-24,1661.9,6,9971.4,2026-08-07,1571.0,-545.4,-5.47,44,Both lines flipped bearish — trend reversal,Paper
LICI,2026-07-03,432.1,23,9938.3,2026-08-07,387.55,-1024.65,-10.31,35,Stop loss hit (388.89),Paper
AMBER,2026-07-06,7484.5,1,7484.5,2026-08-07,7425.0,-59.5,-0.79,32,Both lines flipped bearish — trend reversal,Paper
VOLTAS,2026-07-31,1313.3,7,9193.1,2026-08-07,1275.0,-268.1,-2.92,7,Both lines flipped bearish — trend reversal,Paper
INDUSTOWER,2026-07-29,381.6,26,9921.6,2026-08-10,386.0,114.4,1.15,12,Both lines flipped bearish — trend reversal,Paper
OFSS,2026-07-03,10986.0,1,10986.0,2026-08-11,11890.0,904.0,8.23,39,Both lines flipped bearish — trend reversal,Paper
ICICIBANK,2026-06-25,1373.6,7,9615.2,2026-08-12,1429.6,392.0,4.08,48,Both lines flipped bearish — trend reversal,Paper
NHPC,2026-07-03,80.59,124,9993.16,2026-08-12,76.95,-451.36,-4.52,40,Both lines flipped bearish — trend reversal,Paper
ADANIENSOL,2026-07-03,1556.9,6,9341.4,2026-08-12,1622.0,390.6,4.18,40,Both lines flipped bearish — trend reversal,Paper
PFC,2026-07-31,426.25,23,9803.75,2026-08-12,381.0,-1040.75,-10.62,12,Stop loss hit (383.62),Paper
GODREJCP,2026-06-25,1020.5,9,9184.5,2026-08-13,910.0,-994.5,-10.83,49,Stop loss hit (918.45),Paper
PIIND,2026-08-06,2785.5,3,8356.5,2026-08-13,2483.0,-907.5,-10.86,7,Stop loss hit (2506.95),Paper
ONGC,2026-07-22,249.89,40,9995.6,2026-08-14,239.9,-399.6,-4.0,23,Both lines flipped bearish — trend reversal,Paper
DALBHARAT,2026-07-03,1747.9,5,8739.5,2026-08-17,1842.0,470.5,5.38,45,Both lines flipped bearish — trend reversal,Paper
RECLTD,2026-07-31,374.9,26,9747.4,2026-08-17,335.0,-1037.4,-10.64,17,Stop loss hit (337.41),Paper
MANKIND,2026-06-24,2528.6,3,7585.8,2026-08-20,2394.0,-403.8,-5.32,57,Both lines flipped bearish — trend reversal,Paper
GODREJPROP,2026-07-03,1968.7,5,9843.5,2026-08-20,2007.3,193.0,1.96,48,Both lines flipped bearish — trend reversal,Paper
ASIANPAINT,2026-08-05,2775.0,3,8325.0,2026-08-20,2630.8,-432.6,-5.2,15,Both lines flipped bearish — trend reversal,Paper
IEX,2026-08-05,129.2,77,9948.4,2026-08-20,123.0,-477.4,-4.8,15,Both lines flipped bearish — trend reversal,Paper
MANAPPURAM,2026-07-03,323.1,30,9693.0,2026-08-21,349.25,784.5,8.09,49,Both lines flipped bearish — trend reversal,Paper
TECHM,2026-07-13,1454.8,6,8728.8,2026-08-21,1592.1,823.8,9.44,39,Both lines flipped bearish — trend reversal,Paper
TCS,2026-07-23,2208.3,4,8833.2,2026-08-21,2298.0,358.8,4.06,29,Both lines flipped bearish — trend reversal,Paper
WIPRO,2026-07-24,174.82,57,9964.74,2026-08-21,181.0,352.26,3.54,28,Both lines flipped bearish — trend reversal,Paper
MARICO,2026-06-30,839.95,11,9239.45,2026-08-24,849.25,102.3,1.11,55,Both lines flipped bearish — trend reversal,Paper
SBILIFE,2026-07-08,1832.3,5,9161.5,2026-08-25,1761.8,-352.5,-3.85,48,Both lines flipped bearish — trend reversal,Paper
ITC,2026-08-05,289.0,34,9826.0,2026-08-25,269.7,-656.2,-6.68,20,Both lines flipped bearish — trend reversal,Paper
BAJAJHLDNG,2026-08-05,11599.0,1,11599.0,2026-08-25,11120.0,-479.0,-4.13,20,Both lines flipped bearish — trend reversal,Paper
KPITTECH,2026-08-06,623.0,16,9968.0,2026-08-25,583.1,-638.4,-6.4,19,Both lines flipped bearish — trend reversal,Paper
IRFC,2026-08-17,87.57,114,9982.98,2026-08-25,85.99,-180.12,-1.8,8,Both lines flipped bearish — trend reversal,Paper
BAJFINANCE,2026-06-24,962.4,10,9624.0,2026-08-26,1087.4,1250.0,12.99,63,Both lines flipped bearish — trend reversal,Paper
SBICARD,2026-07-03,604.55,16,9672.8,2026-08-26,650.3,732.0,7.57,54,Both lines flipped bearish — trend reversal,Paper
POWERGRID,2026-08-06,281.75,35,9861.25,2026-08-26,271.0,-376.25,-3.82,20,Both lines flipped bearish — trend reversal,Paper
CAMS,2026-08-10,787.5,12,9450.0,2026-08-26,749.95,-450.6,-4.77,16,Both lines flipped bearish — trend reversal,Paper
MARUTI,2026-08-17,13834.0,1,13834.0,2026-08-26,13678.0,-156.0,-1.13,9,Both lines flipped bearish — trend reversal,Paper
CROMPTON,2026-08-17,248.3,40,9932.0,2026-08-26,243.0,-212.0,-2.13,9,Both lines flipped bearish — trend reversal,Paper
ULTRACEMCO,2026-07-03,11536.0,1,11536.0,2026-08-27,11717.0,181.0,1.57,55,Both lines flipped bearish — trend reversal,Paper
SHREECEM,2026-07-03,26220.0,1,26220.0,2026-08-27,24865.0,-1355.0,-5.17,55,Both lines flipped bearish — trend reversal,Paper
AMBUJACEM,2026-07-06,443.4,22,9754.8,2026-08-27,419.2,-532.4,-5.46,52,Both lines flipped bearish — trend reversal,Paper
JIOFIN,2026-07-30,249.48,40,9979.2,2026-08-27,241.0,-339.2,-3.4,28,Both lines flipped bearish — trend reversal,Paper
TMPV,2026-08-17,334.5,29,9700.5,2026-08-27,313.1,-620.6,-6.4,10,Both lines flipped bearish — trend reversal,Paper
INDIGO,2026-08-17,5310.0,1,5310.0,2026-08-27,5250.5,-59.5,-1.12,10,Both lines flipped bearish — trend reversal,Paper
GODFRYPHLP,2026-08-20,2117.6,4,8470.4,2026-08-27,2153.3,142.8,1.69,7,Both lines flipped bearish — trend reversal,Paper
BHARTIARTL,2026-07-03,1875.0,5,9375.0,2026-08-28,1878.3,16.5,0.18,56,Both lines flipped bearish — trend reversal,Paper
SWIGGY,2026-07-22,270.23,37,9998.51,2026-08-28,284.7,535.39,5.35,37,Both lines flipped bearish — trend reversal,Paper
TRENT,2026-08-17,2978.0,3,8934.0,2026-08-28,2878.5,-298.5,-3.34,11,Both lines flipped bearish — trend reversal,Paper
SHRIRAMFIN,2026-08-17,1122.0,8,8976.0,2026-08-28,1101.0,-168.0,-1.87,11,Both lines flipped bearish — trend reversal,Paper
CHOLAFIN,2026-08-17,1894.4,5,9472.0,2026-08-28,1875.4,-95.0,-1.0,11,Both lines flipped bearish — trend reversal,Paper
NESTLEIND,2026-06-24,1392.2,7,9745.4,2026-08-31,1454.6,436.8,4.48,68,Both lines flipped bearish — trend reversal,Paper
PGEL,2026-07-03,561.1,17,9538.7,2026-08-31,585.85,420.75,4.41,59,Both lines flipped bearish — trend reversal,Paper
BAJAJFINSV,2026-07-03,1855.7,5,9278.5,2026-08-31,2002.0,731.5,7.88,59,Both lines flipped bearish — trend reversal,Paper
RVNL,2026-08-19,225.0,44,9900.0,2026-08-31,214.22,-474.32,-4.79,12,Both lines flipped bearish — trend reversal,Paper
M&M,2026-07-03,3175.4,3,9526.2,2026-09-01,3282.0,319.8,3.36,60,Both lines flipped bearish — trend reversal,Paper
INFY,2026-07-23,1052.1,9,9468.9,2026-09-01,1133.8,735.3,7.77,40,Both lines flipped bearish — trend reversal,Paper
BHARATFORG,2026-07-23,2201.8,4,8807.2,2026-09-01,2104.9,-387.6,-4.4,40,Both lines flipped bearish — trend reversal,Paper
TATAELXSI,2026-08-17,3772.7,2,7545.4,2026-09-01,3578.6,-388.2,-5.14,15,Both lines flipped bearish — trend reversal,Paper
ABCAPITAL,2026-07-03,392.95,25,9823.75,2026-09-02,394.45,37.5,0.38,61,Both lines flipped bearish — trend reversal,Paper
EXIDEIND,2026-07-16,419.2,23,9641.6,2026-09-02,436.25,392.15,4.07,48,Both lines flipped bearish — trend reversal,Paper
HEROMOTOCO,2026-07-22,5034.1,1,5034.1,2026-09-02,5555.0,520.9,10.35,42,Both lines flipped bearish — trend reversal,Paper
HCLTECH,2026-07-23,1237.3,8,9898.4,2026-09-02,1351.4,912.8,9.22,41,Both lines flipped bearish — trend reversal,Paper
JSWENERGY,2026-08-11,578.0,17,9826.0,2026-09-02,518.0,-1020.0,-10.38,22,Both lines flipped bearish — trend reversal,Paper
SBIN,2026-08-17,1067.7,9,9609.3,2026-09-02,1034.5,-298.8,-3.11,16,Both lines flipped bearish — trend reversal,Paper
BDL,2026-08-17,1398.0,7,9786.0,2026-09-02,1250.0,-1036.0,-10.59,16,Stop loss hit (1258.2),Paper
POWERINDIA,2026-08-19,35275.0,1,35275.0,2026-09-02,32640.0,-2635.0,-7.47,14,Both lines flipped bearish — trend reversal,Paper
